code,name,district,type
010001, 交附黄浦实验学校,黄浦区,公办
010002, 光明初级中学,黄浦区,公办
010003, 卢湾中学,黄浦区,公办
010004, 向明初级中学,黄浦区,公办
010005, 大同初级中学,黄浦区,公办
010006, 大境初级中学,黄浦区,公办
010007, 尚文中学,黄浦区,公办
010008, 市八初级中学,黄浦区,公办
010009, 敬业初级中学,黄浦区,公办
010010, 格致初级中学,黄浦区,公办
010011, 清华中学,黄浦区,公办
010012,上海交通大学附属黄浦实验中学,黄浦区,公办
010013,上海市光明初级中学,黄浦区,公办
010014,上海市卢湾中学,黄浦区,公办
010015,上海市向明初级中学,黄浦区,公办
010016,上海市大同初级中学,黄浦区,公办
010017,上海市尚文中学,黄浦区,公办
010018,上海市市八初级中学,黄浦区,公办
010019,上海市市南中学,黄浦区,公办
010020,上海市敬业初级中学,黄浦区,公办
010021,上海市格致初级中学,黄浦区,公办
010022,上海市民办明珠中学,黄浦区,公办
010023,上海市民办立达中学,黄浦区,公办
010024,上海市清华中学,黄浦区,公办
010025,上海市第十中学,黄浦区,公办
010026,上海市金陵中学,黄浦区,公办
010027,上海市震旦外国语中学,黄浦区,公办
010028,上海民办永昌学校,黄浦区,公办
010029,上海理工大学附属储能中学,黄浦区,公办
010030,上海音乐学院附属黄浦比乐中学,黄浦区,公办
020001, 上海市世外中学,徐汇区,公办
020002, 上海市中国中学,徐汇区,公办
020003, 上海市位育初级中学,徐汇区,公办
020004, 上海市位育实验学校,徐汇区,公办
020005, 上海市南洋初级中学,徐汇区,公办
020006, 上海市南洋模范初级中学,徐汇区,公办
020007, 上海市园南中学,徐汇区,公办
020008, 上海市康健外国语实验中学,徐汇区,公办
020009, 上海市徐汇中学,徐汇区,公办
020010, 上海市徐汇区上汇实验学校,徐汇区,公办
020011, 上海市徐汇区教育学院附属实验中学,徐汇区,公办
020012, 上海市徐汇区教育学院附属实验中学南部分校,徐汇区,公办
020013, 上海市梅园中学,徐汇区,公办
020014, 上海市民办华育中学,徐汇区,公办
020015, 上海市汾阳中学,徐汇区,公办
020016, 上海市田林中学,徐汇区,公办
020017, 上海市田林第三中学,徐汇区,公办
020018, 上海市田林第二中学,徐汇区,公办
020019, 上海市第二初级中学,徐汇区,公办
020020, 上海市第五十四中学,徐汇区,公办
020021, 上海市第四中学,徐汇区,公办
020022, 上海市紫阳中学,徐汇区,公办
020023, 上海市西南位育中学,徐汇区,公办
020024, 上海市西南模范中学,徐汇区,公办
020025, 上海市零陵中学,徐汇区,公办
020026, 上海市龙苑中学,徐汇区,公办
020027, 上海师范大学第三附属实验学校,徐汇区,公办
020028, 上海民办位育中学,徐汇区,公办
020029, 上海民办南模中学,徐汇区,公办
020030, 华东理工大学附属中学,徐汇区,公办
020031, 徐汇南校,徐汇区,公办
020032,上海市世外中学,徐汇区,公办
020033,上海市中国中学,徐汇区,公办
020034,上海市位育初级中学,徐汇区,公办
020035,上海市位育实验学校,徐汇区,公办
020036,上海市南洋初级中学,徐汇区,公办
020037,上海市南洋模范初级中学,徐汇区,公办
020038,上海市园南中学,徐汇区,公办
020039,上海市康健外国语实验中学,徐汇区,公办
020040,上海市徐汇中学,徐汇区,公办
020041,上海市徐汇区上汇实验学校,徐汇区,公办
020042,上海市梅园中学,徐汇区,公办
020043,上海市民办华育中学,徐汇区,公办
020044,上海市汾阳中学,徐汇区,公办
020045,上海市田林中学,徐汇区,公办
020046,上海市田林第三中学,徐汇区,公办
020047,上海市田林第二中学,徐汇区,公办
020048,上海市第二初级中学,徐汇区,公办
020049,上海市第五十四中学,徐汇区,公办
020050,上海市第四中学,徐汇区,公办
020051,上海市紫阳中学,徐汇区,公办
020052,上海市西南位育中学,徐汇区,公办
020053,上海市西南模范中学,徐汇区,公办
020054,上海市零陵中学,徐汇区,公办
020055,上海市龙苑中学,徐汇区,公办
020056,上海师范大学第三附属实验学校,徐汇区,公办
020057,上海民办位育中学,徐汇区,公办
020058,上海民办南模中学,徐汇区,公办
020059,华东理工大学附属中学,徐汇区,公办
020060,徐汇南校,徐汇区,公办
030001, 上海市仙霞高级中学,长宁区,公办
030002, 上海市复旦初级中学,长宁区,公办
030003, 上海市天山初级中学,长宁区,公办
030004, 上海市天山第二中学,长宁区,公办
030005, 上海市姚连生中学,长宁区,公办
030006, 上海市娄山中学,长宁区,公办
030007, 上海市延安初级中学,长宁区,公办
030008, 上海市延安实验初级中学,长宁区,公办
030009, 上海市建青实验学校,长宁区,公办
030010, 上海市开元学校,长宁区,公办
030011, 上海市新泾中学,长宁区,公办
030012, 上海市民办新世纪中学,长宁区,公办
030013, 上海市泸定中学,长宁区,公办
030014, 上海市第三女子初级中学,长宁区,公办
030015, 上海市虹桥中学,长宁区,公办
030016, 上海市西延安中学,长宁区,公办
030017, 上海市西郊学校,长宁区,公办
030018, 华东政法大学附属中学,长宁区,公办
030019,上海市仙霞高级中学,长宁区,公办
030020,上海市复旦初级中学,长宁区,公办
030021,上海市天山初级中学,长宁区,公办
030022,上海市天山第二中学,长宁区,公办
030023,上海市姚连生中学,长宁区,公办
030024,上海市娄山中学,长宁区,公办
030025,上海市延安初级中学,长宁区,公办
030026,上海市延安实验初级中学,长宁区,公办
030027,上海市建青实验学校,长宁区,公办
030028,上海市开元学校,长宁区,公办
030029,上海市新泾中学,长宁区,公办
030030,上海市民办新世纪中学,长宁区,公办
030031,上海市泸定中学,长宁区,公办
030032,上海市第三女子初级中学,长宁区,公办
030033,上海市虹桥中学,长宁区,公办
030034,上海市西延安中学,长宁区,公办
030035,上海市西郊学校,长宁区,公办
030036,华东政法大学附属中学,长宁区,公办
040001,上海外国语大学苏河湾实验中学,静安区,公办
040002,上海市三泉学校,静安区,公办
040003,上海市久隆模范中学,静安区,公办
040004,上海市五四中学,静安区,公办
040005,上海市保德中学,静安区,公办
040006,上海市华东模范中学,静安区,公办
040007,上海市华灵学校,静安区,公办
040008,上海市向东中学,静安区,公办
040009,上海市回民中学,静安区,公办
040010,上海市岭南中学,静安区,公办
040011,上海市市北初级中学,静安区,公办
040012,上海市市西初级中学,静安区,公办
040013,上海市彭浦初级中学,静安区,公办
040014,上海市彭浦第三中学,静安区,公办
040015,上海市彭浦第四中学,静安区,公办
040016,上海市新中初级中学,静安区,公办
040017,上海市时代中学,静安区,公办
040018,上海市朝阳中学,静安区,公办
040019,上海市民办扬波中学,静安区,公办
040020,上海市民办新和中学,静安区,公办
040021,上海市民办风范中学,静安区,公办
040022,上海市民立中学,静安区,公办
040023,上海市爱国学校,静安区,公办
040024,上海市第一中学,静安区,公办
040025,上海市育才初级中学,静安区,公办
040026,上海市闸北第八中学,静安区,公办
040027,上海市青云中学,静安区,公办
040028,上海市静安区协和双语培明学校,静安区,公办
040029,上海市静安区大宁国际学校,静安区,公办
040030,上海市静安区实验中学,静安区,公办
040031,上海市静安区市北初级中学北校,静安区,公办
040032,上海市静安区教育学院附属学校,静安区,公办
040033,上海市风华初级中学,静安区,公办
040034,上海戏剧学院附属静安学校,静安区,公办
040035,上海田家炳中学,静安区,公办
040036,同济大学附属七一中学,静安区,公办
040037,民办上海上外静安外国语中学,静安区,公办
050001, 上海兰田中学,普陀区,公办
050002, 上海华东师范大学附属进华中学,普陀区,公办
050003, 上海培佳双语学校,普陀区,公办
050004, 上海外国语大学尚阳外国语学校,普陀区,公办
050005, 上海安生学校,普陀区,公办
050006, 上海市万里城实验学校,普陀区,公办
050007, 上海市中远实验学校,普陀区,公办
050008, 上海市北海中学,普陀区,公办
050009, 上海市子长学校,普陀区,公办
050010, 上海市宜川中学附属学校,普陀区,公办
050011, 上海市延河中学,普陀区,公办
050012, 上海市怒江中学,普陀区,公办
050013, 上海市文达学校,普陀区,公办
050014, 上海市新杨中学,普陀区,公办
050015, 上海市晋元高级中学附属学校,普陀区,公办
050016, 上海市晋元高级中学附属学校南校,普陀区,公办
050017, 上海市普陀区教育学院附属中学,普陀区,公办
050018, 上海市普陀区教育学院附属学校,普陀区,公办
050019, 上海市普陀区梅陇实验中学,普陀区,公办
050020, 上海市曹杨中学,普陀区,公办
050021, 上海市曹杨中学附属学校,普陀区,公办
050022, 上海市曹杨第二中学附属学校,普陀区,公办
050023, 上海市曹杨第二中学附属实验中学,普陀区,公办
050024, 上海市桃浦中学,普陀区,公办
050025, 上海市梅陇中学,普陀区,公办
050026, 上海市民办新黄浦实验学校,普陀区,公办
050027, 上海市江宁学校,普陀区,公办
050028, 上海市沙田学校,普陀区,公办
050029, 上海市洛川学校,普陀区,公办
050030, 上海市洵阳中学,普陀区,公办
050031, 上海市甘泉外国语中学,普陀区,公办
050032, 上海市真北中学,普陀区,公办
050033, 上海市金鼎学校,普陀区,公办
050034, 上海市铜川学校,普陀区,公办
050035, 上海市长征中学,普陀区,公办
050036, 上海师范大学附属第二实验学校,普陀区,公办
050037, 上海理工大学附属普陀实验学校,普陀区,公办
050038, 上海音乐学院附属安师实验中学,普陀区,公办
050039, 华东师范大学第四附属中学,普陀区,公办
050040, 华东师范大学附属外国语实验学校,普陀区,公办
050041, 同济大学第二附属中学,普陀区,公办
050042,上海兰田中学,普陀区,公办
050043,上海华东师范大学附属进华中学,普陀区,公办
050044,上海培佳双语学校,普陀区,公办
050045,上海外国语大学尚阳外国语学校,普陀区,公办
050046,上海安生学校,普陀区,公办
050047,上海市万里城实验学校,普陀区,公办
050048,上海市中远实验学校,普陀区,公办
050049,上海市北海中学,普陀区,公办
050050,上海市子长学校,普陀区,公办
050051,上海市宜川中学附属学校,普陀区,公办
050052,上海市延河中学,普陀区,公办
050053,上海市怒江中学,普陀区,公办
050054,上海市文达学校,普陀区,公办
050055,上海市新杨中学,普陀区,公办
050056,上海市晋元高级中学附属学校,普陀区,公办
050057,上海市普陀区教育学院附属中学,普陀区,公办
050058,上海市普陀区教育学院附属学校,普陀区,公办
050059,上海市普陀区梅陇实验中学,普陀区,公办
050060,上海市曹杨中学,普陀区,公办
050061,上海市曹杨中学附属学校,普陀区,公办
050062,上海市曹杨第二中学附属学校,普陀区,公办
050063,上海市桃浦中学,普陀区,公办
050064,上海市梅陇中学,普陀区,公办
050065,上海市民办新黄浦实验学校,普陀区,公办
050066,上海市江宁学校,普陀区,公办
050067,上海市沙田学校,普陀区,公办
050068,上海市洛川学校,普陀区,公办
050069,上海市洵阳中学,普陀区,公办
050070,上海市甘泉外国语中学,普陀区,公办
050071,上海市真北中学,普陀区,公办
050072,上海市金鼎学校,普陀区,公办
050073,上海市铜川学校,普陀区,公办
050074,上海市长征中学,普陀区,公办
050075,上海师范大学附属第二实验学校,普陀区,公办
050076,上海理工大学附属普陀实验学校,普陀区,公办
050077,上海音乐学院附属安师实验中学,普陀区,公办
050078,华东师范大学第四附属中学,普陀区,公办
050079,同济大学第二附属中学,普陀区,公办
060001, 上海市上师虹口学校,虹口区,公办
060002, 上海市上音实验学校,虹口区,公办
060003, 上海市世外欧阳学校,虹口区,公办
060004, 上海市丰镇中学,虹口区,公办
060005, 上海市公办华初,虹口区,公办
060006, 上海市北郊学校,虹口区,公办
060007, 上海市同济澄衷学校,虹口区,公办
060008, 上海市复兴实验学校,虹口区,公办
060009, 上海市实验中学,虹口区,公办
060010, 上海市曲阳第二中学,虹口区,公办
060011, 上海市民办克勒外国语学校,虹口区,公办
060012, 上海市民办新北郊初级中学,虹口区,公办
060013, 上海市民办新华初中学,虹口区,公办
060014, 上海市民办新复兴初级中学,虹口区,公办
060015, 上海市民办迅行中学,虹口区,公办
060016, 上海市江湾初级中学,虹口区,公办
060017, 上海市海南中学,虹口区,公办
060018, 上海市第五十二中学,虹口区,公办
060019, 上海市继光初级中学,虹口区,公办
060020, 上海市虹口实验学校,虹口区,公办
060021, 上海市钟山初级中学,虹口区,公办
060022, 上海市长青学校,虹口区,公办
060023, 上海市鲁迅初级中学,虹口区,公办
060024,上海外国语大学第一实验学校,虹口区,公办
060025,上海市丰镇中学,虹口区,公办
060026,上海市北郊学校,虹口区,公办
060027,上海市复兴实验中学,虹口区,公办
060028,上海市曲阳第二中学,虹口区,公办
060029,上海市民办新北郊初级中学,虹口区,公办
060030,上海市民办新华初级中学,虹口区,公办
060031,上海市民办新复兴初级中学,虹口区,公办
060032,上海市民办迅行中学,虹口区,公办
060033,上海市江湾初级中学,虹口区,公办
060034,上海市海南中学,虹口区,公办
060035,上海市第五十二中学,虹口区,公办
060036,上海市继光初级中学,虹口区,公办
060037,上海市虹口区教育学院实验中学,虹口区,公办
060038,上海市虹口实验学校,虹口区,公办
060039,上海市钟山初级中学,虹口区,公办
060040,上海市长青学校,虹口区,公办
060041,上海市鲁迅初级中学,虹口区,公办
060042,上海师范大学附属虹口中学,虹口区,公办
060043,上海音乐学院虹口区实验中学,虹口区,公办
060044,华东师范大学第一附属初级中学,虹口区,公办
060045,同济大学附属澄衷中学,虹口区,公办
070001, 上海同大实验学校,杨浦区,公办
070002, 上海市三门中学 (上海财经大学附属初级中学),杨浦区,公办
070003, 上海市东辽阳中学,杨浦区,公办
070004, 上海市二十五中学,杨浦区,公办
070005, 上海市体育学院附属中学,杨浦区,公办
070006, 上海市包头中学,杨浦区,公办
070007, 上海市十五中学,杨浦区,公办
070008, 上海市同济初级中学,杨浦区,公办
070009, 上海市同济第二初级中学,杨浦区,公办
070010, 上海市国和中学,杨浦区,公办
070011, 上海市复旦实验中学,杨浦区,公办
070012, 上海市存志学校,杨浦区,公办
070013, 上海市市东实验学校 (上海市市东中学),杨浦区,公办
070014, 上海市市光学校,杨浦区,公办
070015, 上海市建设初级中学,杨浦区,公办
070016, 上海市思源中学,杨浦区,公办
070017, 上海市惠民中学,杨浦区,公办
070018, 上海市控江初级中学,杨浦区,公办
070019, 上海市新大桥中学,杨浦区,公办
070020, 上海市昆明学校,杨浦区,公办
070021, 上海市杨浦初级中学,杨浦区,公办
070022, 上海市杨浦区教育学院附属中学,杨浦区,公办
070023, 上海市育鹰学校,杨浦区,公办
070024, 上海市辽阳中学,杨浦区,公办
070025, 上海市铁岭中学,杨浦区,公办
070026, 上海市长阳实验学校,杨浦区,公办
070027, 上海市鞍山初级中学,杨浦区,公办
070028, 上海市鞍山实验中学,杨浦区,公办
070029, 上海市黄兴学校,杨浦区,公办
070030, 上海杨浦双语学校,杨浦区,公办
070031, 上海民办兰生中学,杨浦区,公办
070032, 上海民办杨浦凯慧初级中学,杨浦区,公办
070033, 上海民办杨浦实验学校,杨浦区,公办
070034, 上海民办沪东外国语学校,杨浦区,公办
070035, 上海理工大学附属初级中学,杨浦区,公办
070036, 上海理工大学附属实验初级中学,杨浦区,公办
070037, 上海音乐学院实验学校,杨浦区,公办
070038, 复旦大学第二附属学校,杨浦区,公办
070039,上海同大实验学校,杨浦区,公办
070040,上海市东辽阳中学,杨浦区,公办
070041,上海市二十五中学,杨浦区,公办
070042,上海市包头中学,杨浦区,公办
070043,上海市十五中学,杨浦区,公办
070044,上海市同济初级中学,杨浦区,公办
070045,上海市同济第二初级中学,杨浦区,公办
070046,上海市国和中学,杨浦区,公办
070047,上海市复旦实验中学,杨浦区,公办
070048,上海市存志学校,杨浦区,公办
070049,上海市市光学校,杨浦区,公办
070050,上海市建设初级中学,杨浦区,公办
070051,上海市思源中学,杨浦区,公办
070052,上海市惠民中学,杨浦区,公办
070053,上海市控江初级中学,杨浦区,公办
070054,上海市新大桥中学,杨浦区,公办
070055,上海市昆明学校,杨浦区,公办
070056,上海市杨浦初级中学,杨浦区,公办
070057,上海市杨浦区教育学院附属中学,杨浦区,公办
070058,上海市育鹰学校,杨浦区,公办
070059,上海市辽阳中学,杨浦区,公办
070060,上海市铁岭中学,杨浦区,公办
070061,上海市长阳实验学校,杨浦区,公办
070062,上海市鞍山初级中学,杨浦区,公办
070063,上海市鞍山实验中学,杨浦区,公办
070064,上海市黄兴学校,杨浦区,公办
070065,上海杨浦双语学校,杨浦区,公办
070066,上海民办兰生中学,杨浦区,公办
070067,上海民办杨浦凯慧初级中学,杨浦区,公办
070068,上海民办杨浦实验学校,杨浦区,公办
070069,上海民办沪东外国语学校,杨浦区,公办
070070,上海理工大学附属初级中学,杨浦区,公办
070071,上海理工大学附属实验初级中学,杨浦区,公办
070072,上海音乐学院实验学校,杨浦区,公办
070073,复旦大学第二附属学校,杨浦区,公办
080001, 上海世外教育附属浦江外国语学校,闵行区,公办
080002, 上海中医药大学附属闵行晶城中学,闵行区,公办
080003, 上海交通大学附属第二中学,闵行区,公办
080004, 上海交通大学附属闵行马桥实验学校,闵行区,公办
080005, 上海博世凯外国语学校,闵行区,公办
080006, 上海尚师初级中学,闵行区,公办
080007, 上海市七宝中学附属鑫都实验中学,闵行区,公办
080008, 上海市七宝中学附属闵行金都实验中学,闵行区,公办
080009, 上海市七宝实验中学,闵行区,公办
080010, 上海市古美学校,闵行区,公办
080011, 上海市吴泾中学,闵行区,公办
080012, 上海市实验学校西校,闵行区,公办
080013, 上海市师资培训中心附属闵行实验中学,闵行区,公办
080014, 上海市文来中学,闵行区,公办
080015, 上海市民办万源城协和双语学校,闵行区,公办
080016, 上海市民办上宝中学,闵行区,公办
080017, 上海市民办协和双语学校,闵行区,公办
080018, 上海市民办协和双语尚音学校,闵行区,公办
080019, 上海市民办德英乐实验学校,闵行区,公办
080020, 上海市民办文绮中学,闵行区,公办
080021, 上海市燎原双语学校,闵行区,公办
080022, 上海市罗阳中学,闵行区,公办
080023, 上海市航华中学,闵行区,公办
080024, 上海市莘光学校,闵行区,公办
080025, 上海市莘城学校,闵行区,公办
080026, 上海市闵行中学附属实验中学,闵行区,公办
080027, 上海市闵行区七宝文来学校,闵行区,公办
080028, 上海市闵行区七宝第三中学,闵行区,公办
080029, 上海市闵行区七宝第二中学,闵行区,公办
080030, 上海市闵行区上虹中学,闵行区,公办
080031, 上海市闵行区北桥中学,闵行区,公办
080032, 上海市闵行区华漕学校,闵行区,公办
080033, 上海市闵行区君莲学校,闵行区,公办
080034, 上海市闵行区文来实验学校,闵行区,公办
080035, 上海市闵行区明星学校,闵行区,公办
080036, 上海市闵行区浦江第一中学,闵行区,公办
080037, 上海市闵行区浦江第三中学,闵行区,公办
080038, 上海市闵行区浦江第二中学,闵行区,公办
080039, 上海市闵行区浦航实验中学,闵行区,公办
080040, 上海市闵行区田园外国语中学,闵行区,公办
080041, 上海市闵行区纪王学校,闵行区,公办
080042, 上海市闵行区莘松中学,闵行区,公办
080043, 上海市闵行区诸翟学校,闵行区,公办
080044, 上海市闵行区颛桥中学,闵行区,公办
080045, 上海市闵行区马桥复旦万科实验中学,闵行区,公办
080046, 上海市闵行区鹤北初级中学,闵行区,公办
080047, 上海市闵行区龙茗中学,闵行区,公办
080048, 上海市闵行第三中学,闵行区,公办
080049, 上海市闵行第四中学,闵行区,公办
080050, 上海市马桥强恕学校,闵行区,公办
080051, 上海市骏博外国语学校,闵行区,公办
080052, 上海市龙柏中学,闵行区,公办
080053, 上海师范大学康城实验学校,闵行区,公办
080054, 上海师范大学附属闵行第三中学,闵行区,公办
080055, 上海星河湾双语学校,闵行区,公办
080056, 上海民办圣华紫竹双语学校,闵行区,公办
080057, 上海闵行区万科双语学校,闵行区,公办
080058, 上海闵行区协和双语教科学校,闵行区,公办
080059, 上海闵行区民办德闳学校,闵行区,公办
080060, 上海闵行区民办美高双语学校,闵行区,公办
080061, 上海闵行区诺达双语学校,闵行区,公办
080062, 华东师范大学第二附属中学附属初级中学,闵行区,公办
080063, 华东师范大学附属闵行永德学校,闵行区,公办
080064, 华东师范大学附属闵行虹桥学校,闵行区,公办
080065, 华东理工大学附属闵行梅陇实验学校,闵行区,公办
080066,上海交通大学附属第二中学,闵行区,公办
080067,上海博世凯外国语学校,闵行区,公办
080068,上海尚师初级中学,闵行区,公办
080069,上海市七宝实验中学,闵行区,公办
080070,上海市古美学校,闵行区,公办
080071,上海市吴泾中学,闵行区,公办
080072,上海市实验学校西校,闵行区,公办
080073,上海市文来中学,闵行区,公办
080074,上海市民办万源城协和双语学校,闵行区,公办
080075,上海市民办上宝中学,闵行区,公办
080076,上海市民办协和双语尚音学校,闵行区,公办
080077,上海市民办德英乐实验学校,闵行区,公办
080078,上海市民办文绮中学,闵行区,公办
080079,上海市燎原双语学校,闵行区,公办
080080,上海市罗阳中学,闵行区,公办
080081,上海市航华中学,闵行区,公办
080082,上海市莘光学校,闵行区,公办
080083,上海市莘城学校,闵行区,公办
080084,上海市闵行中学附属实验中学,闵行区,公办
080085,上海市闵行区七宝文来学校,闵行区,公办
080086,上海市闵行区七宝第三中学,闵行区,公办
080087,上海市闵行区七宝第二中学,闵行区,公办
080088,上海市闵行区上虹中学,闵行区,公办
080089,上海市闵行区北桥中学,闵行区,公办
080090,上海市闵行区华漕学校,闵行区,公办
080091,上海市闵行区君莲学校,闵行区,公办
080092,上海市闵行区文来实验学校,闵行区,公办
080093,上海市闵行区明星学校,闵行区,公办
080094,上海市闵行区浦江第一中学,闵行区,公办
080095,上海市闵行区浦江第三中学,闵行区,公办
080096,上海市闵行区浦江第二中学,闵行区,公办
080097,上海市闵行区浦航实验中学,闵行区,公办
080098,上海市闵行区田园外国语中学,闵行区,公办
080099,上海市闵行区纪王学校,闵行区,公办
080100,上海市闵行区莘松中学,闵行区,公办
080101,上海市闵行区诸翟学校,闵行区,公办
080102,上海市闵行区颛桥中学,闵行区,公办
080103,上海市闵行区鹤北初级中学,闵行区,公办
080104,上海市闵行区龙茗中学,闵行区,公办
080105,上海市闵行第三中学,闵行区,公办
080106,上海市闵行第四中学,闵行区,公办
080107,上海市马桥强恕学校,闵行区,公办
080108,上海市骏博外国语学校,闵行区,公办
080109,上海市龙柏中学,闵行区,公办
080110,上海师范大学康城实验学校,闵行区,公办
080111,上海师范大学附属闵行第三中学,闵行区,公办
080112,上海星河湾双语学校,闵行区,公办
080113,上海民办圣华紫竹双语学校,闵行区,公办
080114,上海闵行区协和双语教科学校,闵行区,公办
080115,华东师范大学附属闵行永德学校,闵行区,公办
080116,华东师范大学附属闵行虹桥学校,闵行区,公办
090001, 上海市宝山区陈伯吹罗店实验学校,宝山区,公办
090002, 华东师范大学附属宝山宝杨实验学校,宝山区,公办
090003,上海世外教育附属宝山大华实验学校,宝山区,公办
090004,上海世外教育附属宝山美兰湖实验学校,宝山区,公办
090005,上海农场学校,宝山区,公办
090006,上海外国语大学附属宝山双语学校,宝山区,公办
090007,上海大学附属学校,宝山区,公办
090008,上海大学附属宝山外国语学校,宝山区,公办
090009,上海宝山区世外学校,宝山区,公办
090010,上海市刘行新华实验学校,宝山区,公办
090011,上海市同洲模范学校,宝山区,公办
090012,上海市吴淞初级中学,宝山区,公办
090013,上海市吴淞实验学校,宝山区,公办
090014,上海市吴淞第二中学,宝山区,公办
090015,上海市大华中学,宝山区,公办
090016,上海市大场中学,宝山区,公办
090017,上海市存志附属宝山实验学校,宝山区,公办
090018,上海市宝山中学,宝山区,公办
090019,上海市宝山区上海大学附属中学实验学校,宝山区,公办
090020,上海市宝山区乐之中学,宝山区,公办
090021,上海市宝山区共富实验学校,宝山区,公办
090022,上海市宝山区南大实验学校,宝山区,公办
090023,上海市宝山区天馨学校,宝山区,公办
090024,上海市宝山区庙行实验学校,宝山区,公办
090025,上海市宝山区教育学院附属中学,宝山区,公办
090026,上海市宝山区新民实验学校,宝山区,公办
090027,上海市宝山区杨泰实验中学,宝山区,公办
090028,上海市宝山区求真中学,宝山区,公办
090029,上海市宝山区求真中学北校,宝山区,公办
090030,上海市宝山区求真中学南校,宝山区,公办
090031,上海市宝山区淞谊实验学校,宝山区,公办
090032,上海市宝山区罗店第二中学,宝山区,公办
090033,上海市宝山区美兰湖中学,宝山区,公办
090034,上海市宝山区行知外国语学校,宝山区,公办
090035,上海市宝山区顾村实验学校,宝山区,公办
090036,上海市宝山区馨家园学校,宝山区,公办
090037,上海市宝山区鹿鸣学校,宝山区,公办
090038,上海市宝山实验学校,宝山区,公办
090039,上海市宝山实验学校高境分校,宝山区,公办
090040,上海市宝钢新世纪学校,宝山区,公办
090041,上海市教育学会宝山实验学校,宝山区,公办
090042,上海市月浦中学,宝山区,公办
090043,上海市月浦实验学校,宝山区,公办
090044,上海市民办交华中学,宝山区,公办
090045,上海市民办锦秋学校,宝山区,公办
090046,上海市泗塘中学,宝山区,公办
090047,上海市海滨第二中学,宝山区,公办
090048,上海市淞谊中学,宝山区,公办
090049,上海市白茅岭学校 (上海市白茅岭学校军天湖分校),宝山区,公办
090050,上海市盛桥中学,宝山区,公办
090051,上海市罗南中学,宝山区,公办
090052,上海市罗泾中学,宝山区,公办
090053,上海市虎林中学,宝山区,公办
090054,上海市行知中学附属宝山实验学校,宝山区,公办
090055,上海市行知实验中学,宝山区,公办
090056,上海市长江第二中学,宝山区,公办
090057,上海市顾村中学,宝山区,公办
090058,上海市高境第一中学,宝山区,公办
090059,上海师范大学附属宝山实验学校,宝山区,公办
090060,上海师范大学附属宝山潜溪学校,宝山区,公办
090061,上海师范大学附属宝山经纬实验中学,宝山区,公办
090062,上海师范大学附属宝山罗店中学,宝山区,公办
090063,上海民办华曜宝山实验学校,宝山区,公办
090064,上海民办宝莲中学,宝山区,公办
090065,上海民办至德实验学校,宝山区,公办
090066,上海金瑞学校,宝山区,公办
090067,华东师范大学宝山实验学校,宝山区,公办
090068,华东师范大学附属宝山宝杨实验学校,宝山区,公办
100001, 上海华旭双语学校,嘉定区,公办
100002, 上海嘉定区世界外国语学校,嘉定区,公办
100003, 上海外国语大学嘉定外国语学校,嘉定区,公办
100004, 上海大学附属嘉定留云中学,嘉定区,公办
100005, 上海市嘉定区丰庄中学,嘉定区,公办
100006, 上海市嘉定区华亭学校,嘉定区,公办
100007, 上海市嘉定区华江中学,嘉定区,公办
100008, 上海市嘉定区南翔中学,嘉定区,公办
100009, 上海市嘉定区南苑中学,嘉定区,公办
100010, 上海市嘉定区启良中学,嘉定区,公办
100011, 上海市嘉定区外冈中学,嘉定区,公办
100012, 上海市嘉定区娄塘学校,嘉定区,公办
100013, 上海市嘉定区徐行中学,嘉定区,公办
100014, 上海市嘉定区戬浜学校,嘉定区,公办
100015, 上海市嘉定区新城实验中学,嘉定区,公办
100016, 上海市嘉定区方泰中学,嘉定区,公办
100017, 上海市嘉定区朱桥学校,嘉定区,公办
100018, 上海市嘉定区疁城实验学校,嘉定区,公办
100019, 上海市嘉定区练川实验学校,嘉定区,公办
100020, 上海市嘉定区迎园中学,嘉定区,公办
100021, 上海市嘉定区震川中学,嘉定区,公办
100022, 上海市嘉定区马陆育才联合中学,嘉定区,公办
100023, 上海市嘉定区黄渡中学,嘉定区,公办
100024, 上海市曹杨二中附属江桥实验中学,嘉定区,公办
100025, 上海市民办嘉一联合中学,嘉定区,公办
100026, 上海市民办桃李园实验学校,嘉定区,公办
100027, 上海市民办远东学校,嘉定区,公办
100028, 上海民办华曜嘉定初级中学,嘉定区,公办
100029, 中科院上海实验学校,嘉定区,公办
100030, 交大附中附属嘉定德富中学,嘉定区,公办
100031, 同济大学附属实验中学,嘉定区,公办
100032,上海华旭双语学校,嘉定区,公办
100033,上海嘉定区世界外国语学校,嘉定区,公办
100034,上海嘉定区民办华盛怀少学校,嘉定区,公办
100035,上海外国语大学嘉定外国语学校,嘉定区,公办
100036,上海大学附属嘉定留云中学,嘉定区,公办
100037,上海市嘉定区丰庄中学,嘉定区,公办
100038,上海市嘉定区华亭学校,嘉定区,公办
100039,上海市嘉定区华江中学,嘉定区,公办
100040,上海市嘉定区南翔中学,嘉定区,公办
100041,上海市嘉定区南苑中学,嘉定区,公办
100042,上海市嘉定区启良中学,嘉定区,公办
100043,上海市嘉定区嘉二实验学校,嘉定区,公办
100044,上海市嘉定区外冈中学,嘉定区,公办
100045,上海市嘉定区娄塘学校,嘉定区,公办
100046,上海市嘉定区徐行中学,嘉定区,公办
100047,上海市嘉定区戬浜学校,嘉定区,公办
100048,上海市嘉定区新城实验中学,嘉定区,公办
100049,上海市嘉定区方泰中学,嘉定区,公办
100050,上海市嘉定区朱桥学校,嘉定区,公办
100051,上海市嘉定区疁城实验学校,嘉定区,公办
100052,上海市嘉定区练川实验学校,嘉定区,公办
100053,上海市嘉定区苏民学校,嘉定区,公办
100054,上海市嘉定区迎园中学,嘉定区,公办
100055,上海市嘉定区金鹤学校,嘉定区,公办
100056,上海市嘉定区震川中学,嘉定区,公办
100057,上海市嘉定区马陆育才联合中学,嘉定区,公办
100058,上海市嘉定区黄渡中学,嘉定区,公办
100059,上海市民办嘉一联合中学,嘉定区,公办
100060,上海市民办桃李园实验学校,嘉定区,公办
100061,上海市民办远东学校,嘉定区,公办
100062,上海民办华曜嘉定初级中学,嘉定区,公办
100063,中科院上海实验学校,嘉定区,公办
100064,交大附中附属嘉定德富中学,嘉定区,公办
100065,交大附中附属嘉定洪德中学,嘉定区,公办
100066,同济大学附属嘉定实验中学,嘉定区,公办
100067,同济大学附属实验中学,嘉定区,公办
110001, 上海交通大学附属浦东实验中学,浦东新区,公办
110002, 上海市三墩学校,浦东新区,公办
110003, 上海市三林中学北校,浦东新区,公办
110004, 上海市三灶学校,浦东新区,公办
110005, 上海市上南中学东校,浦东新区,公办
110006, 上海市上南中学北校,浦东新区,公办
110007, 上海市上南中学南校,浦东新区,公办
110008, 上海市东昌东校,浦东新区,公办
110009, 上海市东林中学,浦东新区,公办
110010, 上海市六团中学,浦东新区,公办
110011, 上海市华林中学,浦东新区,公办
110012, 上海市南汇第二中学,浦东新区,公办
110013, 上海市合庆中学,浦东新区,公办
110014, 上海市孙桥中学,浦东新区,公办
110015, 上海市实验学校东校,浦东新区,公办
110016, 上海市建平中学西校,浦东新区,公办
110017, 上海市建平香梅中学,浦东新区,公办
110018, 上海市张江集团中学,浦东新区,公办
110019, 上海市新云台中学 (现上海市建平实验地杰中学博华路校区),浦东新区,公办
110020, 上海市施湾中学,浦东新区,公办
110021, 上海市杨思中学,浦东新区,公办
110022, 上海市民办中芯学校,浦东新区,公办
110023, 上海市江镇中学,浦东新区,公办
110024, 上海市洋泾中学东校,浦东新区,公办
110025, 上海市洋泾中学南校,浦东新区,公办
110026, 上海市洪山中学,浦东新区,公办
110027, 上海市浦东新区建平南汇实验学校,浦东新区,公办
110028, 上海市浦东新区彭镇中学,浦东新区,公办
110029, 上海市浦东新区教育学院附属实验中学,浦东新区,公办
110030, 上海市浦兴中学,浦东新区,公办
110031, 上海市浦泾中学,浦东新区,公办
110032, 上海市清流中学,浦东新区,公办
110033, 上海市罗山中学,浦东新区,公办
110034, 上海市育人中学,浦东新区,公办
110035, 上海市蔡路中学,浦东新区,公办
110036, 上海市进才中学北校,浦东新区,公办
110037, 上海市进才实验中学,浦东新区,公办
110038, 上海市金川中学 (现上海市建平实验中学金川校区),浦东新区,公办
110039, 上海市金杨中学,浦东新区,公办
110040, 上海市陆行中学南校,浦东新区,公办
110041, 上海市黄路学校,浦东新区,公办
110042, 上海师范大学附属秋萍学校,浦东新区,公办
110043, 上海戏剧学院附属浦东实验中学,浦东新区,公办
110044, 上海民办启能东方外国语学校,浦东新区,公办
110045, 上海民办浦东交中初级中学,浦东新区,公办
110046, 上海浦东新区民办协和双语学校,浦东新区,公办
110047, 上海浦东新区民办恒洋外国语学校,浦东新区,公办
110048, 上海浦东新区民办欣竹中学,浦东新区,公办
110049, 华东师范大学附属东昌中学南校,浦东新区,公办
110050,上海中学东校,浦东新区,公办
110051,上海交通大学附属浦东实验中学,浦东新区,公办
110052,上海市三墩学校,浦东新区,公办
110053,上海市三林中学东校,浦东新区,公办
110054,上海市三林中学北校,浦东新区,公办
110055,上海市三灶学校,浦东新区,公办
110056,上海市上南中学东校,浦东新区,公办
110057,上海市上南中学北校,浦东新区,公办
110058,上海市上南中学南校,浦东新区,公办
110059,上海市东昌东校,浦东新区,公办
110060,上海市东林中学,浦东新区,公办
110061,上海市东沟中学,浦东新区,公办
110062,上海市东海学校,浦东新区,公办
110063,上海市临港实验中学,浦东新区,公办
110064,上海市临港第一中学,浦东新区,公办
110065,上海市书院中学,浦东新区,公办
110066,上海市五三中学,浦东新区,公办
110067,上海市侨光中学,浦东新区,公办
110068,上海市傅雷中学,浦东新区,公办
110069,上海市六团中学,浦东新区,公办
110070,上海市六灶中学,浦东新区,公办
110071,上海市凌桥中学,浦东新区,公办
110072,上海市北蔡中学,浦东新区,公办
110073,上海市华林中学,浦东新区,公办
110074,上海市南汇第一中学,浦东新区,公办
110075,上海市南汇第三中学,浦东新区,公办
110076,上海市南汇第二中学,浦东新区,公办
110077,上海市南汇第五中学,浦东新区,公办
110078,上海市南汇第四中学,浦东新区,公办
110079,上海市历城中学,浦东新区,公办
110080,上海市合庆中学,浦东新区,公办
110081,上海市周浦实验学校,浦东新区,公办
110082,上海市周浦育才学校,浦东新区,公办
110083,上海市坦直中学,浦东新区,公办
110084,上海市大团中学,浦东新区,公办
110085,上海市孙桥中学,浦东新区,公办
110086,上海市实验学校东校,浦东新区,公办
110087,上海市实验学校南校,浦东新区,公办
110088,上海市实验学校附属光明学校,浦东新区,公办
110089,上海市宣桥学校,浦东新区,公办
110090,上海市川沙中学华夏西校,浦东新区,公办
110091,上海市川沙中学南校,浦东新区,公办
110092,上海市康城学校,浦东新区,公办
110093,上海市建平中学西校,浦东新区,公办
110094,上海市建平实验中学,浦东新区,公办
110095,上海市建平实验地杰中学,浦东新区,公办
110096,上海市建平实验张江中学,浦东新区,公办
110097,上海市建平香梅中学,浦东新区,公办
110098,上海市张江集团中学,浦东新区,公办
110099,上海市新云台中学,浦东新区,公办
110100,上海市新港中学,浦东新区,公办
110101,上海市施湾中学,浦东新区,公办
110102,上海市杨园中学,浦东新区,公办
110103,上海市杨思中学,浦东新区,公办
110104,上海市民办中芯学校,浦东新区,公办
110105,上海市民办尚德实验学校,浦东新区,公办
110106,上海市民办平和学校,浦东新区,公办
110107,上海市民办金苹果学校,浦东新区,公办
110108,上海市江镇中学,浦东新区,公办
110109,上海市沪新中学,浦东新区,公办
110110,上海市泥城中学,浦东新区,公办
110111,上海市泾南中学,浦东新区,公办
110112,上海市洋泾中学东校,浦东新区,公办
110113,上海市洋泾中学南校,浦东新区,公办
110114,上海市洋泾菊园实验学校,浦东新区,公办
110115,上海市洪山中学,浦东新区,公办
110116,上海市浦东外国语学校东校,浦东新区,公办
110117,上海市浦东新区三灶实验中学,浦东新区,公办
110118,上海市浦东新区东城学校,浦东新区,公办
110119,上海市浦东新区建平临港中学,浦东新区,公办
110120,上海市浦东新区建平康梧中学,浦东新区,公办
110121,上海市浦东新区彭镇中学,浦东新区,公办
110122,上海市浦东新区懿德中学,浦东新区,公办
110123,上海市浦东新区新场实验中学,浦东新区,公办
110124,上海市浦东新区进才万祥学校,浦东新区,公办
110125,上海市浦东新区进才中学东校,浦东新区,公办
110126,上海市浦东新区进才中学南校,浦东新区,公办
110127,上海市浦东模范中学,浦东新区,公办
110128,上海市浦东模范中学东校,浦东新区,公办
110129,上海市浦东模范实验中学,浦东新区,公办
110130,上海市浦兴中学,浦东新区,公办
110131,上海市浦泾中学,浦东新区,公办
110132,上海市清流中学,浦东新区,公办
110133,上海市澧溪中学,浦东新区,公办
110134,上海市王港中学,浦东新区,公办
110135,上海市秋萍学校,浦东新区,公办
110136,上海市竹园中学,浦东新区,公办
110137,上海市绿川学校,浦东新区,公办
110138,上海市罗山中学,浦东新区,公办
110139,上海市老港中学,浦东新区,公办
110140,上海市育人中学,浦东新区,公办
110141,上海市育民中学,浦东新区,公办
110142,上海市致远中学,浦东新区,公办
110143,上海市航头学校,浦东新区,公办
110144,上海市蔡路中学,浦东新区,公办
110145,上海市进才中学北校,浦东新区,公办
110146,上海市进才实验中学,浦东新区,公办
110147,上海市金川中学,浦东新区,公办
110148,上海市金杨中学,浦东新区,公办
110149,上海市长岛中学,浦东新区,公办
110150,上海市陆行中学北校,浦东新区,公办
110151,上海市陆行中学南校,浦东新区,公办
110152,上海市顾路中学,浦东新区,公办
110153,上海市香山中学,浦东新区,公办
110154,上海市高东中学,浦东新区,公办
110155,上海市黄楼中学,浦东新区,公办
110156,上海市黄路学校,浦东新区,公办
110157,上海师范大学附属浦东临港中学,浦东新区,公办
110158,上海师范大学附属高桥实验中学,浦东新区,公办
110159,上海戏剧学院附属浦东实验中学,浦东新区,公办
110160,上海民办光华中学,浦东新区,公办
110161,上海民办华曜浦东实验学校,浦东新区,公办
110162,上海民办启能东方外国语学校,浦东新区,公办
110163,上海民办浦东交中初级中学,浦东新区,公办
110164,上海浦东新区民办协和双语学校,浦东新区,公办
110165,上海浦东新区民办宏文学校,浦东新区,公办
110166,上海浦东新区民办更新学校,浦东新区,公办
110167,上海浦东新区民办欣竹中学,浦东新区,公办
110168,上海浦东新区民办远翔实验学校,浦东新区,公办
110169,上海浦东民办未来科技学校,浦东新区,公办
110170,上海科技大学附属学校,浦东新区,公办
110171,上海立信会计金融学院附属学校,浦东新区,公办
110172,上海第二工业大学附属龚路中学,浦东新区,公办
110173,华东师范大学张江实验中学,浦东新区,公办
110174,华东师范大学附属东昌中学南校,浦东新区,公办
120001, 上海市亭新中学,金山区,公办
120002, 上海市同凯中学,金山区,公办
120003, 上海市山阳中学,金山区,公办
120004, 上海市干巷学校,金山区,公办
120005, 上海市廊下中学,金山区,公办
120006, 上海市张堰第二中学,金山区,公办
120007, 上海市新农学校,金山区,公办
120008, 上海市朱行中学,金山区,公办
120009, 上海市松隐中学,金山区,公办
120010, 上海市民办永昌中学,金山区,公办
120011, 上海市民办金盟学校,金山区,公办
120012, 上海市漕泾中学,金山区,公办
120013, 上海市罗星中学,金山区,公办
120014, 上海市蒙山中学,金山区,公办
120015, 上海市西林中学,金山区,公办
120016, 上海市金卫中学,金山区,公办
120017, 上海市金山初级中学,金山区,公办
120018, 上海市金山区吕巷学校,金山区,公办
120019, 上海市金山区教育学院附属中学,金山区,公办
120020, 上海市金山区钱圩学校,金山区,公办
120021, 上海市金山区青少年业余体育学校,金山区,公办
120022, 上海市金山实验中学,金山区,公办
120023, 上海师范大学附属金山前京中学,金山区,公办
120024, 上海金山区世外学校,金山区,公办
120025, 上海金山区健桥实验中学,金山区,公办
120026, 上海金山杭州湾双语学校,金山区,公办
120027, 华东师范大学附属枫泾中学,金山区,公办
120028,上海市亭新中学,金山区,公办
120029,上海市同凯中学,金山区,公办
120030,上海市山阳中学,金山区,公办
120031,上海市干巷学校,金山区,公办
120032,上海市廊下中学,金山区,公办
120033,上海市张堰第二中学,金山区,公办
120034,上海市新农学校,金山区,公办
120035,上海市朱行中学,金山区,公办
120036,上海市松隐中学,金山区,公办
120037,上海市民办永昌中学,金山区,公办
120038,上海市民办金盟学校,金山区,公办
120039,上海市漕泾中学,金山区,公办
120040,上海市罗星中学,金山区,公办
120041,上海市蒙山中学,金山区,公办
120042,上海市西林中学,金山区,公办
120043,上海市金卫中学,金山区,公办
120044,上海市金山初级中学,金山区,公办
120045,上海市金山区吕巷学校,金山区,公办
120046,上海市金山区教育学院附属中学,金山区,公办
120047,上海市金山区钱圩学校,金山区,公办
120048,上海市金山实验中学,金山区,公办
120049,上海师范大学附属金山前京中学,金山区,公办
120050,上海金山区世外学校,金山区,公办
120051,上海金山区健桥实验中学,金山区,公办
120052,上海金山杭州湾双语学校,金山区,公办
120053,华东师范大学附属枫泾中学,金山区,公办
130001, 上海外国语大学松江外国语学校,松江区,公办
130002, 上海外国语大学附属外国语学校松江云间中学,松江区,公办
130003, 上海对外经贸大学附属松江实验学校花园分校,松江区,公办
130004, 上海工程技术大学附属松江泗泾实验学校,松江区,公办
130005, 上海市三新学校,松江区,公办
130006, 上海市三新学校松江东部分校,松江区,公办
130007, 上海市三新学校松江思贤分校,松江区,公办
130008, 上海市松江九峰实验学校,松江区,公办
130009, 上海市松江区九亭中学,松江区,公办
130010, 上海市松江区九亭第二中学,松江区,公办
130011, 上海市松江区五厍学校,松江区,公办
130012, 上海市松江区仓桥学校,松江区,公办
130013, 上海市松江区佘山外国语实验学校,松江区,公办
130014, 上海市松江区佘山学校,松江区,公办
130015, 上海市松江区古松学校,松江区,公办
130016, 上海市松江区叶榭学校,松江区,公办
130017, 上海市松江区天马山学校,松江区,公办
130018, 上海市松江区张泽学校,松江区,公办
130019, 上海市松江区新桥中学,松江区,公办
130020, 上海市松江区新浜学校,松江区,公办
130021, 上海市松江区新闵学校,松江区,公办
130022, 上海市松江区李塔汇学校,松江区,公办
130023, 上海市松江区民乐学校,松江区,公办
130024, 上海市松江区民办茸一中学,松江区,公办
130025, 上海市松江区泖港学校,松江区,公办
130026, 上海市松江区泗泾实验学校,松江区,公办
130027, 上海市松江区洞泾学校,松江区,公办
130028, 上海市松江区第七中学,松江区,公办
130029, 上海市松江区第五中学,松江区,公办
130030, 上海市松江区第六中学,松江区,公办
130031, 上海市松江区车墩学校,松江区,公办
130032, 上海市松江四中初级中学,松江区,公办
130033, 上海市西外外国语学校,松江区,公办
130034, 上海师范大学附属松江实验学校,松江区,公办
130035, 上海戏剧学院附属松江实验学校,松江区,公办
130036, 上海赫贤学校,松江区,公办
130037, 上海领科双语学校,松江区,公办
130038, 东华大学附属实验学校,松江区,公办
130039, 东华大学附属实验学校松江小昆山分校,松江区,公办
130040, 华东政法大学附属松江实验学校,松江区,公办
130041,上海外国语大学松江外国语学校,松江区,公办
130042,上海市三新学校,松江区,公办
130043,上海市三新学校松江东部分校,松江区,公办
130044,上海市三新学校松江思贤分校,松江区,公办
130045,上海市松江九峰实验学校,松江区,公办
130046,上海市松江区九亭中学,松江区,公办
130047,上海市松江区九亭第二中学,松江区,公办
130048,上海市松江区五厍学校,松江区,公办
130049,上海市松江区仓桥学校,松江区,公办
130050,上海市松江区佘山学校,松江区,公办
130051,上海市松江区古松学校,松江区,公办
130052,上海市松江区叶榭学校,松江区,公办
130053,上海市松江区天马山学校,松江区,公办
130054,上海市松江区张泽学校,松江区,公办
130055,上海市松江区新桥中学,松江区,公办
130056,上海市松江区新浜学校,松江区,公办
130057,上海市松江区新闵学校,松江区,公办
130058,上海市松江区李塔汇学校,松江区,公办
130059,上海市松江区民乐学校,松江区,公办
130060,上海市松江区民办茸一中学,松江区,公办
130061,上海市松江区泖港学校,松江区,公办
130062,上海市松江区泗泾实验学校,松江区,公办
130063,上海市松江区洞泾学校,松江区,公办
130064,上海市松江区第七中学,松江区,公办
130065,上海市松江区第五中学,松江区,公办
130066,上海市松江区第六中学,松江区,公办
130067,上海市松江四中初级中学,松江区,公办
130068,上海市西外外国语学校,松江区,公办
130069,上海师范大学附属松江实验学校,松江区,公办
130070,上海戏剧学院附属松江实验学校,松江区,公办
130071,上海赫贤学校,松江区,公办
130072,上海领科双语学校,松江区,公办
130073,东华大学附属实验学校,松江区,公办
130074,华东政法大学附属松江实验学校,松江区,公办
140001, 上海五浦汇实验学校,青浦区,公办
140002, 上海宋庆龄学校,青浦区,公办
140003, 上海市佳信学校,青浦区,公办
140004, 上海市博文学校,青浦区,公办
140005, 上海市教育学会青浦清河湾中学,青浦区,公办
140006, 上海市毓华学校,青浦区,公办
140007, 上海市毓秀学校,青浦区,公办
140008, 上海市青浦区东方中学,青浦区,公办
140009, 上海市青浦区凤溪中学,青浦区,公办
140010, 上海市青浦区华新中学,青浦区,公办
140011, 上海市青浦区实验中学,青浦区,公办
140012, 上海市青浦区少年业余体育学校,青浦区,公办
140013, 上海市青浦区尚美中学,青浦区,公办
140014, 上海市青浦区崧泽学校,青浦区,公办
140015, 上海市青浦区徐泾中学,青浦区,公办
140016, 上海市青浦区教育学院附属中学,青浦区,公办
140017, 上海市青浦区沈巷中学,青浦区,公办
140018, 上海市青浦区珠溪中学,青浦区,公办
140019, 上海市青浦区白鹤中学,青浦区,公办
140020, 上海市青浦区第一中学,青浦区,公办
140021, 上海市青浦区豫才中学,青浦区,公办
140022, 上海市青浦区重固中学,青浦区,公办
140023, 上海市青浦区金泽中学,青浦区,公办
140024, 上海市青浦区颜安中学,青浦区,公办
140025, 上海政法学院附属青浦崧淀中学,青浦区,公办
140026, 上海青浦兰生学校,青浦区,公办
140027, 上海青浦区世外学校,青浦区,公办
140028, 上海青浦区协和双语学校,青浦区,公办
140029, 上海青浦平和双语学校,青浦区,公办
140030,上海五浦汇实验学校,青浦区,公办
140031,上海宋庆龄学校,青浦区,公办
140032,上海市博文学校,青浦区,公办
140033,上海市教育学会青浦清河湾中学,青浦区,公办
140034,上海市毓秀学校,青浦区,公办
140035,上海市青浦区东方中学,青浦区,公办
140036,上海市青浦区凤溪中学,青浦区,公办
140037,上海市青浦区华新中学,青浦区,公办
140038,上海市青浦区实验中学,青浦区,公办
140039,上海市青浦区少年业余体育学校,青浦区,公办
140040,上海市青浦区尚美中学,青浦区,公办
140041,上海市青浦区崧泽学校,青浦区,公办
140042,上海市青浦区徐泾中学,青浦区,公办
140043,上海市青浦区教育学院附属中学,青浦区,公办
140044,上海市青浦区沈巷中学,青浦区,公办
140045,上海市青浦区珠溪中学,青浦区,公办
140046,上海市青浦区白鹤中学,青浦区,公办
140047,上海市青浦区第一中学,青浦区,公办
140048,上海市青浦区豫才中学,青浦区,公办
140049,上海市青浦区重固中学,青浦区,公办
140050,上海市青浦区金泽中学,青浦区,公办
140051,上海市青浦区颜安中学,青浦区,公办
140052,上海政法学院附属青浦崧淀中学,青浦区,公办
140053,上海青浦兰生学校,青浦区,公办
140054,上海青浦区世外学校,青浦区,公办
140055,上海青浦区协和双语学校,青浦区,公办
140056,上海青浦平和双语学校,青浦区,公办
150001, 上海外国语大学附属奉贤实验中学,奉贤区,公办
150002, 上海大学附属奉贤实验学校,奉贤区,公办
150003, 上海奉贤区世外学校,奉贤区,公办
150004, 上海奉贤区世外教育附属临港外国语学校,奉贤区,公办
150005, 上海市奉贤中学附属三官堂学校,奉贤区,公办
150006, 上海市奉贤中学附属初级中学,奉贤区,公办
150007, 上海市奉贤中学附属南桥中学,奉贤区,公办
150008, 上海市奉贤区五四学校,奉贤区,公办
150009, 上海市奉贤区华亭学校,奉贤区,公办
150010, 上海市奉贤区古华中学,奉贤区,公办
150011, 上海市奉贤区四团中学,奉贤区,公办
150012, 上海市奉贤区塘外中学,奉贤区,公办
150013, 上海市奉贤区头桥中学,奉贤区,公办
150014, 上海市奉贤区奉城第二中学,奉贤区,公办
150015, 上海市奉贤区奉浦中学,奉贤区,公办
150016, 上海市奉贤区实验中学,奉贤区,公办
150017, 上海市奉贤区尚同中学,奉贤区,公办
150018, 上海市奉贤区崇实中学,奉贤区,公办
150019, 上海市奉贤区平安学校,奉贤区,公办
150020, 上海市奉贤区庄行学校,奉贤区,公办
150021, 上海市奉贤区弘文学校,奉贤区,公办
150022, 上海市奉贤区待问中学,奉贤区,公办
150023, 上海市奉贤区新寺学校,奉贤区,公办
150024, 上海市奉贤区星火学校,奉贤区,公办
150025, 上海市奉贤区柘林学校,奉贤区,公办
150026, 上海市奉贤区汇贤中学,奉贤区,公办
150027, 上海市奉贤区泰日学校,奉贤区,公办
150028, 上海市奉贤区洪庙中学,奉贤区,公办
150029, 上海市奉贤区肇文学校,奉贤区,公办
150030, 上海市奉贤区肖塘中学,奉贤区,公办
150031, 上海市奉贤区育秀中学,奉贤区,公办
150032, 上海市奉贤区胡桥学校,奉贤区,公办
150033, 上海市奉贤区西渡学校,奉贤区,公办
150034, 上海市奉贤区邬桥学校,奉贤区,公办
150035, 上海市奉贤区邵厂学校,奉贤区,公办
150036, 上海市奉贤区钱桥学校,奉贤区,公办
150037, 上海市奉贤区阳光外国语学校,奉贤区,公办
150038, 上海市奉贤区青少年业余体育学校,奉贤区,公办
150039, 上海市奉贤区青村中学,奉贤区,公办
150040, 上海市奉贤区青溪中学,奉贤区,公办
150041, 上海市奉贤区齐贤学校,奉贤区,公办
150042, 柘林学校师大附中教学点,奉贤区,公办
150043,上海大学附属奉贤实验学校,奉贤区,公办
150044,上海奉贤区世外学校,奉贤区,公办
150045,上海市奉贤中学附属三官堂学校,奉贤区,公办
150046,上海市奉贤中学附属初级中学,奉贤区,公办
150047,上海市奉贤中学附属南桥中学,奉贤区,公办
150048,上海市奉贤区华亭学校,奉贤区,公办
150049,上海市奉贤区古华中学,奉贤区,公办
150050,上海市奉贤区四团中学,奉贤区,公办
150051,上海市奉贤区塘外中学,奉贤区,公办
150052,上海市奉贤区头桥中学,奉贤区,公办
150053,上海市奉贤区奉城第二中学,奉贤区,公办
150054,上海市奉贤区奉浦中学,奉贤区,公办
150055,上海市奉贤区实验中学,奉贤区,公办
150056,上海市奉贤区尚同中学,奉贤区,公办
150057,上海市奉贤区崇实中学,奉贤区,公办
150058,上海市奉贤区平安学校,奉贤区,公办
150059,上海市奉贤区庄行学校,奉贤区,公办
150060,上海市奉贤区弘文学校,奉贤区,公办
150061,上海市奉贤区待问中学,奉贤区,公办
150062,上海市奉贤区新寺学校,奉贤区,公办
150063,上海市奉贤区星火学校,奉贤区,公办
150064,上海市奉贤区柘林学校,奉贤区,公办
150065,上海市奉贤区汇贤中学,奉贤区,公办
150066,上海市奉贤区泰日学校,奉贤区,公办
150067,上海市奉贤区洪庙中学,奉贤区,公办
150068,上海市奉贤区肇文学校,奉贤区,公办
150069,上海市奉贤区肖塘中学,奉贤区,公办
150070,上海市奉贤区育秀中学,奉贤区,公办
150071,上海市奉贤区胡桥学校,奉贤区,公办
150072,上海市奉贤区蓝湾五四学校,奉贤区,公办
150073,上海市奉贤区西渡学校,奉贤区,公办
150074,上海市奉贤区邬桥学校,奉贤区,公办
150075,上海市奉贤区邵厂学校,奉贤区,公办
150076,上海市奉贤区钱桥学校,奉贤区,公办
150077,上海市奉贤区阳光外国语学校,奉贤区,公办
150078,上海市奉贤区青村中学,奉贤区,公办
150079,上海市奉贤区青溪中学,奉贤区,公办
150080,上海市奉贤区齐贤学校,奉贤区,公办
150081,柘林学校师大附中教学点,奉贤区,公办
160001, 上海市向明初级中学附属崇明区江帆中学,崇明区,公办
160002, 上海市实验学校附属东滩学校,崇明区,公办
160003, 上海市崇明中学附属东门中学,崇明区,公办
160004, 上海市崇明区三星中学,崇明区,公办
160005, 上海市崇明区三烈中学,崇明区,公办
160006, 上海市崇明区凌云中学,崇明区,公办
160007, 上海市崇明区合兴中学,崇明区,公办
160008, 上海市崇明区向化中学,崇明区,公办
160009, 上海市崇明区大公中学,崇明区,公办
160010, 上海市崇明区大新中学,崇明区,公办
160011, 上海市崇明区实验中学,崇明区,公办
160012, 上海市崇明区崇东中学,崇明区,公办
160013, 上海市崇明区庙镇学校,崇明区,公办
160014, 上海市崇明区建设中学,崇明区,公办
160015, 上海市崇明区新海学校,崇明区,公办
160016, 上海市崇明区横沙中学,崇明区,公办
160017, 上海市崇明区裕安中学,崇明区,公办
160018, 上海市崇明区长兴中学,崇明区,公办
160019, 上海市崇明区长明中学,崇明区,公办
160020, 上海市崇明区长江学校,崇明区,公办
160021, 上海师范大学附属崇明正大中学,崇明区,公办
160022, 上海新纪元双语学校,崇明区,公办
160023, 上海民办民一中学,崇明区,公办
160024,上海市实验学校附属东滩学校,崇明区,公办
160025,上海市崇明中学附属东门中学,崇明区,公办
160026,上海市崇明区三星中学,崇明区,公办
160027,上海市崇明区三烈中学,崇明区,公办
160028,上海市崇明区合兴中学,崇明区,公办
160029,上海市崇明区向化中学,崇明区,公办
160030,上海市崇明区大公中学,崇明区,公办
160031,上海市崇明区大新中学,崇明区,公办
160032,上海市崇明区实验中学,崇明区,公办
160033,上海市崇明区崇东中学,崇明区,公办
160034,上海市崇明区庙镇学校,崇明区,公办
160035,上海市崇明区建设中学,崇明区,公办
160036,上海市崇明区横沙中学,崇明区,公办
160037,上海市崇明区裕安中学,崇明区,公办
160038,上海市崇明区长兴中学,崇明区,公办
160039,上海市崇明区长明中学,崇明区,公办
160040,上海师范大学附属崇明正大中学,崇明区,公办
160041,上海新纪元双语学校,崇明区,公办
160042,上海民办民一中学,崇明区,公办
